
{
  "info": {
    "_postman_id": "abcd-1234-efgh-5678",
    "name": "Delivery Platform API",
    "schema": "https://schema.getpostman.com/json/collection/v2.1.0/collection.json"
  },
  "item": [
    {
      "name": "Login Driver with QR",
      "request": {
        "method": "POST",
        "header": [],
        "body": {
          "mode": "raw",
          "raw": "{ \"token\": \"qr-token\", \"driverId\": \"abc123\" }"
        },
        "url": {
          "raw": "http://localhost:5001/qr-login",
          "host": ["localhost"],
          "port": "5001",
          "path": ["qr-login"]
        }
      }
    }
  ]
}
